"대표식품코드","대표식품명","식품대분류명","영양성분함량기준량","에너지(kcal)","탄수화물(g)","단백질(g)","지방(g)","당류(g)","나트륨(mg)","식이섬유(g)"
"14103","기타김치","절임류 또는 조림류","100g","35","8.00","1.00","0.00","4.00","650",""
"01104","스낵과자","과자류·빵류 또는 떡류","100g","457","67.00","7.00","18.00","22.00","412",""
"01406","스콘","과자류·빵류 또는 떡류","100g","449","66.00","6.00","18.00","21.00","493",""
"01501","떡","과자류·빵류 또는 떡류","100g","202","45.80","5.53","0.29","5.47","259","2.8"
"08008","메밀국수/냉면국수","면류","100g","162","32.35","5.88","1.03","3.68","926",""
"23302","만두","즉석식품류","100g","75","8.00","8.00","1.40","3.00","320",""
"17501","양념육","식육가공품 및 포장육","100g","222","0.32","24.71","12.61","0.01","279",""
"11000","환자용 식품","특수의료용도식품","100g","207","15.76","13.95","9.82","1.94","1",""
"01207","기타 사탕","과자류·빵류 또는 떡류","100g","372","79.70","13.10","0.10","51.00","23",""
"01203","사탕","과자류·빵류 또는 떡류","100g","369","78.90","12.90","0.20","47.80","24",""
"09801","액상음료","음료류","100ml","81","20.00","0.00","0.00","20.00","0",""
"09600","발효음료","음료류","100ml","16","4.00","0.00","0.00","1.00","0",""
"09401","탄산음료","음료류","100ml","17","4.00","0.27","0.00","1.33","1",""
"20600","기타 수산가공품","수산가공식품류","100g","319","25.00","9.00","20.30","2.00","757",""
"17700","식육간편조리","식육가공품 및 포장육","100g","61","2.00","7.00","2.90","0.50","330",""
"10800","조제유류","특수영양식품","100g","69","7.60","2.30","3.20","7.60","24",""
"14400","절임식품","절임류 또는 조림류","100g","43","6.90","3.66","0.08","1.89","75",""
"10400","영·유아용 이유식","특수영양식품","100g","198","35.50","6.00","3.50","0.75","0",""
"16703","두류가공품","농산가공식품류","100g","104","1.11","11.11","6.11","0.00","4250",""
"09700","인삼/홍삼음료","음료류","100ml","56","13.75","0.00","0.00","10.00","6",""
"23212","반찬","즉석식품류","100g","103","9.40","11.00","2.00","6.00","773",""
"20108","골뱅이","수산가공식품류","100g","111","12.18","14.69","0.52","10.08","1528",""
"09201","액상커피","음료류","100ml","14","1.96","0.84","0.30","0.00","1",""
"16302","견과류","농산가공식품류","100g","160","36.00","4.00","0.00","10.00","0",""
"24200","기타가공품","기타식품류","100g","206","43.95","7.42","0.07","22.22","3",""
"16303","견과류 가공품","농산가공식품류","100g","155","36.21","3.45","0.86","10.35","0","5.2"
"17800","기타 식육가공품","식육가공품 및 포장육","100g","41","0.00","3.95","2.78","0.00","40",""
"16702","채소가공품","농산가공식품류","100g","375","59.70","33.70","0.10","15.60","24",""
"09103","고형차","음료류","100g","512","35.00","28.00","28.00","9.00","10",""
"23207","국/탕류","즉석식품류","100g","56","4.10","3.27","2.94","0.62","352",""
"03101","초콜릿","코코아가공품류 또는 초콜릿류","100g","546","53.00","7.00","34.00","43.00","74",""
"09102","액상차","음료류","100ml","19","4.07","0.50","0.07","2.40","4",""
"16705","기타 농산가공품","농산가공식품류","100g","368","82.00","7.20","1.20","0.60","18",""
"01107","전통과자","과자류·빵류 또는 떡류","100g","417","69.57","8.70","11.74","21.74","243",""
"23203","주먹밥/김밥/초밥","즉석식품류","100g","158","31.17","3.90","1.95","2.60","805",""
"23226","샐러드","즉석식품류","100g","96","7.39","5.22","5.19","4.60","275",""
"23224","샌드위치","즉석식품류","100g","258","24.28","7.57","14.49","4.03","510",""
"03102","초콜릿과자","코코아가공품류 또는 초콜릿류","100g","475","60.00","9.00","22.50","30.00","138",""
"23209","전","즉석식품류","100g","250","20.00","10.00","10.00","3.00","400",""
"20302","원재료성 수산가공품","수산가공식품류","100g","150","0.00","22.00","7.00","0.00","300",""
"20107","고등어","수산가공식품류","100g","283","0.00","18.00","23.00","0.00","480",""
"20200","젓갈/액젓","수산가공식품류","100g","131","8.00","12.00","6.00","2.00","647",""
"23208","찌개/전골류","즉석식품류","100g","100","3.00","7.00","7.00","1.00","400",""
"14300","기타 조림","절임류 또는 조림류","100g","165","6.50","26.00","3.50","2.50","525",""
"13206","기타 소스류","조미식품","100g","171","33.00","5.70","4.20","19.00","1846",""
"09303","과·채음료","음료류","100ml","70","18.00","0.00","0.00","17.00","10",""
"09302","과·채주스","음료류","100ml","100","27.50","0.00","0.00","8.75","0","6.3"
"09500","두유","음료류","100ml","34","2.63","3.16","1.32","0.42","34",""
"01103","비스킷/쿠키/크래커","과자류·빵류 또는 떡류","100g","491","67.00","5.40","23.00","31.00","200",""
"09802","농축음료/베이스","음료류","100g","350","90.00","0.00","0.00","0.00","1700",""
"03201","코코아","코코아가공품류 또는 초콜릿류","100g","400","80.00","10.00","5.00","70.00","350",""
"09202","인스턴트커피","음료류","100g","290","72.10","4.60","11.60","7.10","46",""
"10500","체중조절용 조제식품","특수영양식품","100g","390","57.50","32.50","3.50","15.00","448",""
"01106","일반과자","과자류·빵류 또는 떡류","100g","338","47.50","2.50","20.00","7.50","13","22.5"
"05001","잼","잼류","100g","203","49.00","0.80","0.40","45.40","5",""
"16701","과일가공품","농산가공식품류","100g","330","72.80","7.30","1.10","60.60","16",""
"01405","기타 빵","과자류·빵류 또는 떡류","100g","260","26.00","8.00","14.00","4.00","490",""
"01404","베이글","과자류·빵류 또는 떡류","100g","254","51.27","9.22","1.39","5.89","207",""
"20100","어육가공품","수산가공식품류","100g","218","10.91","10.91","14.55","1.82","564",""
"01415","피자","과자류·빵류 또는 떡류","100g","292","41.14","9.28","10.01","7.94","457",""
"23201","밥류","즉석식품류","100g","115","10.00","5.00","4.00","7.00","10",""
"23305","기타 즉석식품","즉석식품류","100g","115","9.00","6.00","4.00","8.00","10",""
"20301","조미건어포","수산가공식품류","100g","333","56.00","25.33","1.07","44.00","1533",""
"01204","양갱","과자류·빵류 또는 떡류","100g","297","71.67","2.22","0.00","55.00","3",""
"01205","젤리","과자류·빵류 또는 떡류","100g","560","55.83","6.67","34.50","43.33","97",""
"12009","된장","장류","100g","204","22.00","11.00","8.00","10.00","4800",""
"12013","혼합장","장류","100g","182","20.00","12.00","6.00","11.00","4760",""
"04701","당류가공품","당류","100g","302","56.66","16.85","0.87","35.00","18",""
"23222","즉석 빵","즉석식품류","100g","256","27.27","8.39","12.59","4.20","720",""
"13201","복합조미식품","조미식품","100g","145","27.80","2.30","2.50","0.00","3800",""
"08001","국수","면류","100g","275","60.00","6.88","0.88","1.88","238",""
"07113","올리브유","식용유지류","100g","900","0.00","0.00","100.00","0.00","0",""
"13101","식초","조미식품","100g","154","38.37","0.09","0.04","37.88","1","0.1"
"04201","시럽","당류","100ml","325","79.00","0.50","0.50","79.00","10",""
"01206","캐러멜","과자류·빵류 또는 떡류","100g","468","80.00","1.00","16.00","64.00","30",""
"23217","떡볶이","즉석식품류","100g","185","31.64","7.76","3.47","5.51","749",""
"20104","어묵","수산가공식품류","100g","58","8.70","3.61","0.97","1.45","278",""
"09601","유산균음료","음료류","100ml","60","15.00","0.00","0.00","11.00","0",""
"14101","배추김치","절임류 또는 조림류","100g","40","7.00","2.00","0.30","4.00","580",""
"08011","우동면","면류","100g","344","75.00","8.00","1.30","3.00","1120",""
"02103","아이스밀크","빙과류","100ml","163","23.33","2.67","6.67","22.00","70",""
"02101","아이스크림","빙과류","100ml","183","24.44","3.33","7.78","24.44","147",""
"18100","달걀/메추리알","알가공품류","100g","163","0.00","15.00","11.25","0.00","0",""
"20402","김자반","수산가공식품류","100g","600","34.00","20.00","44.00","20.00","1600",""
"20401","김","수산가공식품류","100g","520","20.00","20.00","40.00","0.00","1400",""
"23223","버거","즉석식품류","100g","129","12.89","5.55","6.18","1.82","332",""
"01426","소금빵","과자류·빵류 또는 떡류","100g","325","49.35","8.84","10.25","4.70","540",""
"01101","강냉이/팝콘","과자류·빵류 또는 떡류","100g","534","63.94","3.94","29.13","24.21","162",""
"23213","도시락","즉석식품류","100g","168","22.78","8.63","4.74","1.16","219",""
"16708","부침가루/튀김가루/믹스","농산가공식품류","100g","358","76.80","9.40","1.50","0.90","739",""
"01432","팬케이크/크레이프","과자류·빵류 또는 떡류","100g","160","16.00","6.19","7.91","1.19","160",""
"23204","즉석 면요리","즉석식품류","100g","337","53.04","9.12","9.76","0.00","1920",""
"01410","페이스트리","과자류·빵류 또는 떡류","100g","315","40.00","5.00","15.00","21.00","160",""
"09203","원두/원두분말","음료류","100ml","5","0.83","0.42","0.00","0.00","7",""
"07117","식물성유지","식용유지류","100g","820","0.00","0.00","92.00","0.00","0",""
"08003","라면","면류","100g","260","46.83","8.15","8.15","1.33","4",""
"16706","빵가루","농산가공식품류","100g","294","51.00","11.00","5.00","2.00","176",""
"12004","간장","장류","100ml","83","11.20","9.50","0.00","0.00","5280",""
"01430","크림빵","과자류·빵류 또는 떡류","100g","330","40.56","6.72","15.62","7.59","193",""
"06004","묵","두부류 또는 묵류","100g","12","3.00","0.00","0.00","0.00","0",""
"23205","죽","즉석식품류","100g","54","12.20","1.40","0.00","0.00","76",""
"01428","앙금빵","과자류·빵류 또는 떡류","100g","265","48.20","7.10","4.90","18.20","198",""
"01424","반제품/생지","과자류·빵류 또는 떡류","100g","220","50.50","3.60","0.40","0.80","192",""
"07302","향미유","식용유지류","100ml","900","0.00","0.00","100.00","0.00","0",""
"01102","마카롱/다쿠아즈","과자류·빵류 또는 떡류","100g","395","73.33","6.67","6.67","50.00","92",""
"23210","조림/찜","즉석식품류","100g","113","7.06","11.76","4.24","4.71","176",""
"01409","케이크","과자류·빵류 또는 떡류","100g","329","35.58","5.36","18.35","19.52","76",""
"01420","단팥빵","과자류·빵류 또는 떡류","100g","282","53.90","6.70","4.40","18.20","156",""
"07307","식물성크림","식용유지류","100g","540","61.00","2.10","32.00","15.00","288",""
"02104","샤베트","빙과류","100ml","185","40.00","4.62","1.54","38.46","77",""
"13301","카레","조미식품","100g","81","10.56","3.33","2.61","2.22","372",""
"23219","미숫가루/선식","즉석식품류","100g","431","55.56","28.89","10.22","11.11","391",""
"19900","치즈","유가공품류","100g","345","2.00","24.00","27.00","2.00","406",""
"13501","향신료","조미식품","100g","305","16.00","6.00","24.00","7.00","3130",""
"01418","호빵/찐빵","과자류·빵류 또는 떡류","100g","178","35.10","4.90","2.00","11.00","215",""
"08006","당면","면류","100g","339","84.00","0.70","0.00","0.00","8",""
"16711","냉동과일","농산가공식품류","100g","120","30.00","0.00","0.00","29.00","10",""
"16704","서류가공품","농산가공식품류","100g","317","75.00","3.33","0.00","43.33","27",""
"16709","옥수수","농산가공식품류","100g","94","18.10","3.80","1.60","8.90","9",""
"23216","치킨","즉석식품류","100g","241","23.24","8.45","12.68","7.75","544",""
"17201","소시지","식육가공품 및 포장육","100g","265","4.50","14.10","21.00","2.70","718",""
"21210","추출가공식품","동물성가공식품류","100g","27","6.33","0.32","0.02","3.96","5",""
"01435","휘낭시에","과자류·빵류 또는 떡류","100g","484","48.00","8.00","28.00","40.00","128",""
"01413","만쥬","과자류·빵류 또는 떡류","100g","424","50.00","6.00","22.00","10.00","256",""
"01401","도넛","과자류·빵류 또는 떡류","100g","201","22.14","5.71","10.00","5.71","143",""
"01407","식빵","과자류·빵류 또는 떡류","100g","289","38.94","7.39","11.48","4.45","254",""
"01416","핫도그","과자류·빵류 또는 떡류","100g","320","29.33","9.33","18.67","8.00","600",""
"08013","칼국수","면류","100g","294","65.20","6.10","1.00","0.70","424",""
"01408","카스텔라","과자류·빵류 또는 떡류","100g","318","38.03","8.09","14.88","17.98","254",""
"07105","참기름","식용유지류","100ml","820","0.64","0.00","99.29","0.00","14",""
"01427","소보로빵","과자류·빵류 또는 떡류","100g","330","54.29","5.71","10.00","13.57","241",""
"01403","바게트/치아바타","과자류·빵류 또는 떡류","100g","340","35.00","7.00","20.00","10.00","326",""
"19204","가공우유","유가공품류","100ml","68","7.90","2.11","3.16","7.37","58",""
"06001","두부","두부류 또는 묵류","100g","12","1.00","1.14","0.36","0.00","14",""
"01423","모닝빵","과자류·빵류 또는 떡류","100g","338","46.11","13.50","11.00","7.80","152",""
"01422","마들렌","과자류·빵류 또는 떡류","100g","389","44.00","6.00","21.00","21.00","37",""
"01412","파이/타르트","과자류·빵류 또는 떡류","100g","305","37.00","4.00","16.00","16.00","116",""
"13205","드레싱","조미식품","100g","303","19.47","3.11","23.66","12.62","707",""
"01417","호떡","과자류·빵류 또는 떡류","100g","301","50.00","7.78","7.78","14.44","233",""
"19202","농후발효유","유가공품류","100g","181","12.00","11.00","10.00","2.00","30",""
"23206","스프","즉석식품류","100g","122","10.56","3.33","7.78","0.56","44",""
"14203","과·채당절임","절임류 또는 조림류","100g","350","75.14","7.25","2.24","4.33","12",""
"01425","브라우니","과자류·빵류 또는 떡류","100g","448","47.00","7.00","26.00","28.00","53",""
"17502","분쇄가공육","식육가공품 및 포장육","100g","242","25.00","10.00","12.00","6.00","137",""
"01431","토스트/샌드위치","과자류·빵류 또는 떡류","100g","343","50.00","4.29","12.86","10.00","324",""
"06005","기타 두부 가공품","두부류 또는 묵류","100g","175","11.00","6.00","12.00","0.00","95",""
"12010","고추장","장류","100g","192","40.60","7.40","0.10","19.50","1531",""
"01105","웨이퍼","과자류·빵류 또는 떡류","100g","538","60.00","7.00","30.00","34.00","170",""
"01429","와플","과자류·빵류 또는 떡류","100g","413","50.79","7.43","20.02","21.22","437",""
"01419","곡물빵","과자류·빵류 또는 떡류","100g","273","46.67","6.67","6.67","16.67","210",""
"23202","누룽지","즉석식품류","100g","404","89.50","7.99","1.57","0.32","4",""
"17100","햄","식육가공품 및 포장육","100g","315","1.00","17.00","27.00","0.00","250",""
"13202","마요네즈","조미식품","100g","630","5.00","0.00","68.00","3.00","760",""
"23218","순대","즉석식품류","100g","117","10.70","10.10","5.00","0.00","225",""
"23215","튀김","즉석식품류","100g","261","28.72","10.01","11.71","1.85","427",""
"23211","함박스테이크/미트볼","즉석식품류","100g","217","14.06","11.17","12.94","8.22","621",""
"19401","발효유","유가공품류","100g","138","16.25","2.50","6.63","16.25","56",""
"19205","가공우유(멸균)","유가공품류","100ml","68","10.40","2.08","2.00","10.00","48",""
"08007","라이스페이퍼","면류","100g","328","80.01","0.87","0.50","1.22","147",""
"08010","쌀국수","면류","100g","312","75.00","3.00","0.00","0.00","0",""
"01434","호두과자","과자류·빵류 또는 떡류","100g","304","52.62","6.48","7.49","27.10","151",""
"17400","육포","식육가공품 및 포장육","100g","476","19.90","30.60","30.40","6.60","1068",""
"19701","유크림","유가공품류","100g","268","17.96","0.11","21.76","0.00","47","0.0"
"06006","기타 묵 가공품","두부류 또는 묵류","100g","143","17.50","1.25","7.50","10.00","1225",""
"12006","나토","장류","100g","478","30.11","38.51","22.71","15.67","2889",""
"19901","유함유가공품","유가공품류","100ml","324","13.10","2.60","29.00","13.10","126",""
"20111","연어","수산가공식품류","100g","199","8.00","21.00","9.00","0.70","750",""
"17300","베이컨","식육가공품 및 포장육","100g","355","5.00","16.00","30.00","1.00","200",""
"08002","기타면","면류","100g","387","59.74","9.09","12.99","6.49","1582",""
"16400","시리얼","농산가공식품류","100g","395","55.14","7.71","16.00","19.14","60",""
"07120","기타 식용유지","식용유지류","100g","900","0.00","0.00","100.00","0.00","0",""
"07301","혼합식용유","식용유지류","100g","888","1.90","0.02","97.80","0.00","0",""
"16200","밀가루","농산가공식품류","100g","365","76.00","9.00","1.70","1.00","5",""
"07112","땅콩기름(낙화생유)","식용유지류","100ml","900","0.00","0.00","100.00","0.00","0",""
"03103","초코파이","코코아가공품류 또는 초콜릿류","100g","418","40.00","6.00","26.00","18.00","57",""
"01202","마시멜로","과자류·빵류 또는 떡류","100g","424","65.08","5.10","15.97","48.12","64",""
"08012","쫄면","면류","100g","249","56.28","6.20","0.46","0.00","329",""
"07101","콩기름(대두유)","식용유지류","100ml","900","0.00","0.00","100.00","0.00","0",""
"14202","단무지/피클","절임류 또는 조림류","100g","85","20.00","1.25","0.00","17.50","24",""
"01414","프레즐","과자류·빵류 또는 떡류","100g","325","48.10","8.86","11.39","0.00","785",""
"19101","우유","유가공품류","100ml","65","5.00","3.00","3.60","5.00","50",""
"03203","기타 코코아가공품","코코아가공품류 또는 초콜릿류","100g","570","38.00","14.00","40.00","0.20","4",""
"19603","연유","유가공품류","100g","345","56.00","8.00","10.00","56.00","140",""
"07304","쇼트닝","식용유지류","100g","5","0.00","0.00","0.56","0.00","0",""
"08014","파스타","면류","100g","180","34.00","6.00","2.40","0.00","420",""
"20112","정어리","수산가공식품류","100g","436","46.67","22.22","17.78","20.00","1113",""
"10300","성장기용 조제식","특수영양식품","100g","68","7.50","2.30","3.20","5.10","34",""
"07107","들기름","식용유지류","100g","898","0.08","0.15","99.69","0.00","0",""
"23227","소스/드레싱","즉석식품류","100g","135","26.13","3.87","1.60","2.53","345",""
"09101","침출차","음료류","100g","376","77.27","14.06","1.18","4.94","33",""
"14104","김칫속","절임류 또는 조림류","100g","68","12.00","3.70","0.60","4.10","1237",""
"12005","청국장","장류","100g","160","21.00","16.00","1.50","0.00","10",""
"16301","땅콩버터","농산가공식품류","100g","594","22.90","30.50","42.40","6.20","2",""
"23230","육수","즉석식품류","100g","8","1.54","0.31","0.00","0.69","8",""
"01402","머핀","과자류·빵류 또는 떡류","100g","337","43.00","9.00","14.00","8.00","30",""
"01411","크로켓","과자류·빵류 또는 떡류","100g","318","35.77","7.25","16.22","11.26","434",""
"01208","푸딩","과자류·빵류 또는 떡류","100g","372","34.00","5.00","24.00","22.00","428",""
"16712","건조과일(건과류)","농산가공식품류","100g","352","85.06","7.07","0.22","47.94","30",""
"04101","설탕","당류","100g","400","100.00","0.00","0.00","100.00","10",""
"12011","춘장","장류","100g","133","17.20","8.60","3.30","14.00","7984",""
"20113","참치","수산가공식품류","100g","100","8.67","9.33","3.07","7.33","740",""
"04601","물엿","당류","100g","324","81.00","0.00","0.00","49.00","5",""
"01433","풀빵","과자류·빵류 또는 떡류","100g","213","35.00","3.80","6.40","8.40","242",""
"13700","고춧가루","조미식품","100g","430","58.00","15.00","16.00","8.00","10",""
"01421","또띠아/난","과자류·빵류 또는 떡류","100g","243","47.20","5.50","2.30","0.90","9",""
"02301","빙과","빙과류","100g","148","25.87","2.90","3.62","23.19","174",""
"13600","소금","조미식품","100g","0","0.00","0.00","0.00","0.00","960",""
"23225","즉석 피자","즉석식품류","100g","281","24.76","8.57","16.19","4.76","438",""
"08009","볶음/비빔라면","면류","100g","271","58.64","7.40","0.74","1.94","395",""
"07103","유채씨유/카놀라유","식용유지류","100g","900","0.00","0.00","100.00","0.00","0",""
"07109","홍화유","식용유지류","100ml","828","0.00","0.00","92.00","0.00","0",""
"14102","물김치","절임류 또는 조림류","100g","19","2.33","1.00","0.56","0.78","447",""
"15101","막걸리","주류","100ml","40","0.90","0.80","0.10","0.00","1",""
"19201","강화우유","유가공품류","100ml","65","4.80","3.30","3.60","4.80","50",""
"18200","알함유가공품","알가공품류","100g","200","11.00","10.00","13.00","6.00","280",""
"19000","분유","유가공품류","100g","365","59.00","30.00","1.00","59.00","440",""
"04602","덩어리엿","당류","100g","370","92.00","0.75","0.07","48.00","17",""
"13204","분말스프","조미식품","100g","10","2.19","0.22","0.09","1.53","106",""
"07104","미강유(현미유)","식용유지류","100ml","900","0.00","0.00","100.00","0.00","0",""
"09402","탄산수","음료류","100ml","0","0.00","0.00","0.00","0.00","3",""
"13203","토마토케첩","조미식품","100g","88","21.00","1.00","0.00","19.00","931",""
"14201","장아찌","절임류 또는 조림류","100g","81","17.20","2.40","0.30","12.80","1603",""
"06002","유부","두부류 또는 묵류","100g","335","17.39","26.96","17.39","0.00","13",""
"23231","기타 음료","즉석식품류","100ml","97","14.74","1.58","3.68","10.00","16",""
"07110","해바라기씨유","식용유지류","100ml","900","0.00","0.00","100.00","0.00","0",""
"07122","포도씨유","식용유지류","100g","900","0.00","0.00","100.00","0.00","0",""
"20109","꽁치","수산가공식품류","100g","130","0.00","23.00","4.10","0.00","435",""
"23214","감자튀김","즉석식품류","100g","219","28.51","2.65","11.59","0.27","15","3.2"
"07202","식용돈지","식용유지류","100ml","896","0.43","0.05","99.35","0.00","11",""
"07116","고추씨기름","식용유지류","100ml","825","0.00","0.00","92.00","0.00","0",""
"07102","옥수수기름(옥배유)","식용유지류","100g","900","0.00","0.00","100.00","0.00","0",""
"08005","기타 라면","면류","100g","450","66.00","9.00","17.00","1.00","540",""
"08004","자장라면","면류","100g","309","67.63","6.36","1.62","5.78","913",""
"21200","식용곤충","동물성가공식품류","100g","423","38.35","46.46","9.26","3.08","187",""
"10700","고령자용 영양조제식품","특수영양식품","100g","395","66.00","15.00","9.00","15.00","240","5.0"
"09602","효모음료","음료류","100ml","21","4.80","0.00","0.00","1.30","10",""
"07121","아보카도오일","식용유지류","100ml","900","0.00","0.00","100.00","0.00","0",""
"19203","유당분해우유","유가공품류","100g","359","28.17","58.04","1.53","17.38","256",""
"12002","메주","장류","100g","455","35.00","39.00","18.00","0.40","0",""
"07305","마가린","식용유지류","100g","675","0.00","0.00","75.00","0.00","1000",""
"23221","시리얼바/에너지바/영양바","즉석식품류","100g","480","52.00","6.00","26.00","16.00","60",""
"07308","모조치즈","식용유지류","100g","277","22.00","0.00","21.00","0.00","840",""
"19801","버터","유가공품류","100g","750","0.60","0.50","83.00","0.60","10",""
"01301","껌","과자류·빵류 또는 떡류","100g","300","75.00","0.00","0.00","54.00","0",""
"22001","꿀","벌꿀 및 화분가공 식품류","100g","325","78.50","0.20","0.90","76.20","8",""
"19001","전지/탈지분유","유가공품류","100g","359","52.00","36.00","1.00","52.00","536",""
"19102","우유(멸균)","유가공품류","100ml","62","4.70","3.00","3.50","4.70","40",""
"21201","곤충가공식품","동물성가공식품류","100g","89","9.60","6.00","3.00","7.50","612",""
"07114","팜유","식용유지류","100g","900","0.00","0.00","100.00","0.00","0",""
"10900","영아용 조제식","특수영양식품","100g","493","55.72","12.14","25.00","37.14","157",""
"07310","어유","식용유지류","100g","160","0.00","0.00","17.70","0.00","0",""
"15104","맥주","주류","100ml","140","7.00","10.00","8.00","6.00","950",""
"23220","기타 시리얼","즉석식품류","100g","420","64.00","12.00","12.60","23.00","230",""
"03202","코코아매스","코코아가공품류 또는 초콜릿류","100g","542","0.00","12.00","55.00","0.00","30",""
"08015","라면과자","면류","100g","429","66.02","10.85","13.48","7.99","1142",""
"23304","만두피","즉석식품류","100g","335","58.00","7.00","8.00","2.00","400",""
"15103","청주","주류","100g","132","4.24","0.41","0.00","3.11","3","0.0"
"15102","소주","주류","100ml","89","0.00","0.00","0.00","0.00","0",""
"15105","과실주","주류","100g","101","1.85","0.21","0.00","0.02","2","1.5"
"19403","크림발효유","유가공품류","100g","362","2.90","2.00","38.00","2.90","35",""
"16710","호박씨분말","농산가공식품류","100g","385","4.90","65.00","9.30","1.40","60",""
"22002","로열젤리제품","벌꿀 및 화분가공 식품류","100g","106","14.30","12.10","0.00","10.00","0",""
"15202","위스키","주류","100g","284","0.07","0.03","0.00","0.02","1","0.0"
"15203","리큐르","주류","100ml","34","2.21","0.03","0.04","1.92","1",""
"23233","체중조절용 즉석식품","즉석식품류","100g","362","60.00","26.00","6.20","14.00","298","20.6"
"15207","증류주","주류","100ml","67","0.00","0.00","0.00","0.00","27",""
"10600","임산·수유부용 식품","특수영양식품","100ml","58","5.00","3.16","2.89","2.63","47",""
"23232","성장기 즉석식품","즉석식품류","100g","397","66.67","15.38","8.21","43.59","179",""
"15206","고량주","주류","100g","355","0.00","0.00","0.00","0.00","1","0.0"
"07123","홍화씨유","식용유지류","100g","800","0.00","0.00","92.00","0.00","0",""
